{
    "categories.json": {
        "/Science": 0.5199999809265137
    },
    "2.py": {
        "/Science/Computer Science": 0.9599999785423279,
        "/Computers & Electronics/Programming": 0.9399999976158142
    },
    "title.txt": {
        "/People & Society/Family & Relationships/Troubled Relationships": 0.5099999904632568
    },
    "body.txt": {
        "/People & Society": 0.6000000238418579
    },
    "app.py": {
        "/Computers & Electronics/Programming": 0.8799999952316284,
        "/Science/Computer Science": 0.8799999952316284
    },
    "gcp-01-356703-deb9b387ac38.json": {}
}